Agency,February 2014,January 2014
WH,,null
Agriculture,,null
Agriculture-ERS,,null
Agriculture-FNS,,null
Commerce,,null
Commerce-Census,,null
Commerce-NOAA,,null
Defense,,null
Defense-Army Corps of Engineers,,null
Education,,null
Education-FAFSA,,null
National Science Foundation (NSF),,null
Energy,,null
Energy-NREL,,null
Health & Human Services,,null
Health & Human Services - CDC,,null
Health & Human Services - NIH,,null
Homeland Security,,null
HUD,,null
Interior,,null
Justice,,null
Justice-BJS,,null
State,,null
Transportation,,null
Transportation - FHWA,,null
Treasury,,null
Veterans Affairs,,null
--------------------,,
Environmental Protection Agency,,null
General Services Administration,meetingsx1,null
 Institute of Museum and Library Services,,null
Millenium Challenge Corporation,,null
National Archives,,null
Office of the Director of National Intelligence,,null
Small Business Administration,,null
USAID,,null
